{
    "items": [
        {
            "title": "5 Rue Daunou, 75002 Paris, France",
            "id": "here:af:streetsection:NQHc13Wvqj0xq9jew7-8sC:CggIBCCi-9SPARABGgE1",
            "resultType": "houseNumber",
            "houseNumberType": "PA",
            "address": {
                "label": "5 Rue Daunou, 75002 Paris, France",
                "countryCode": "FRA",
                "countryName": "France",
                "stateCode": "IDF",
                "state": "Île-de-France",
                "county": "Paris",
                "city": "Paris",
                "district": "2e Arrondissement",
                "street": "Rue Daunou",
                "postalCode": "75002",
                "houseNumber": "5"
            },
            "position": {
                "lat": 48.86926,
                "lng": 2.3321
            },
            "access": [
                {
                    "lat": 48.86931,
                    "lng": 2.33214
                }
            ],
            "mapView": {
                "west": 2.33073,
                "south": 48.86836,
                "east": 2.33347,
                "north": 48.87016
            },
            "scoring": {
                "queryScore": 0.97,
                "fieldScore": {
                    "country": 1.0,
                    "city": 1.0,
                    "streets": [
                        1.0
                    ],
                    "houseNumber": 1.0,
                    "postalCode": 0.82
                }
            }
        }
    ]
}