[
  {
    "id_monitoring_item": 269393,
    "product_link": "https://www.vilanova.com.br/agua-de-coco-puro-coco-1l",
    "crawler_id": 163,
    "company_id": 3026,
    "seller": "Vila nova",
    "category": null,
    "brand": "Puro Coco",
    "year": null,
    "region": "SP"
  },
  {
    "id_monitoring_item": 269393,
    "product_link": "https://www.vilanova.com.br/agua-de-coco-puro-coco-1l",
    "crawler_id": 163,
    "company_id": 3026,
    "seller": "Vila nova",
    "category": null,
    "brand": "Puro Coco",
    "year": null,
    "region": "SP"
  },
  {
    "id_monitoring_item": 269393,
    "product_link": "https://www.martinsatacado.com.br/produto/agua-de-coco-mais-coco-1l-embalagem-com-12-unidades-martins_4600094",
    "crawler_id": 148,
    "company_id": 3026,
    "seller": "Martins Uberlândia",
    "category": null,
    "brand": "Mais",
    "year": null,
    "region": "SP"
  },
  {
    "id_monitoring_item": 269393,
    "product_link": "https://www.martinsatacado.com.br/produto/agua-de-coco-mais-coco-1l-embalagem-com-12-unidades-martins_4600094",
    "crawler_id": 148,
    "company_id": 3026,
    "seller": "Martins Hidrolândia",
    "category": null,
    "brand": "Mais",
    "year": null,
    "region": "GO"
  },
  {
    "id_monitoring_item": 269393,
    "product_link": "https://www.martinsatacado.com.br/produto/agua-de-coco-mais-coco-1l-embalagem-com-12-unidades-martins_4600094",
    "crawler_id": 148,
    "company_id": 3026,
    "seller": "Martins Hidrolândia",
    "category": null,
    "brand": "Mais",
    "year": null,
    "region": "SP"
  },
  {
    "id_monitoring_item": 269393,
    "product_link": "https://www.martinsatacado.com.br/produto/agua-de-coco-mais-coco-1l-embalagem-com-12-unidades-martins_4600094",
    "crawler_id": 148,
    "company_id": 3026,
    "seller": "Martins Uberlândia",
    "category": null,
    "brand": "Mais",
    "year": null,
    "region": "MG"
  }
]